keys,plain,halfmc,allmc,cpg,,,,,,,,,,,,
AA,-6.289947478,-6.3061154811,-6.3345383184,-6.3111505519,-0.0067621708,-0.0229301739,-0.0513530112,-0.0279652448,6.2764231364,6.2602551333,6.231832296,6.2552200624,360,359,357,358
AC,-4.7845175863,-4.9283169819,-5.0148127471,-4.782037894,1.4986677209,1.3548683253,1.2683725601,1.5011474132,1.4986677209,1.3548683253,1.2683725601,1.5011474132,86,78,73,86
AG,-6.3667953843,-4.5357992876,-4.6761700186,-6.4320461183,-0.0836100771,1.7473860196,1.6070152886,-0.1488608111,6.19957523,1.7473860196,1.6070152886,6.134324496,355,100,92,351
AT,-4.6417555113,-6.04041361,-6.1078658748,-6.1095045448,1.6414297959,0.2427716971,0.1753194324,0.1736807624,1.6414297959,0.2427716971,0.1753194324,0.1736807624,94,14,10,10
CA,-5.989978224,-5.6263668952,-5.6145112803,-4.8901833501,0.2932070832,0.656818412,0.6686740269,1.3930019571,0.2932070832,0.656818412,0.6686740269,1.3930019571,17,38,38,80
CC,-5.4398979305,-5.4894836715,-5.540200475,-5.4280964678,0.8432873767,0.7937016357,0.7429848321,0.8550888393,0.8432873767,0.7937016357,0.7429848321,0.8550888393,48,45,43,49
CG,-5.0225574232,-5.2101168984,-5.3104123834,-5.147486658,1.260627884,1.0730684088,0.9727729238,1.1356986492,1.260627884,1.0730684088,0.9727729238,1.1356986492,72,61,56,65
CT,-5.5440290507,-5.5522281794,-5.5671648909,-5.5625092132,0.7391562564,0.7309571278,0.7160204163,0.720676094,0.7391562564,0.7309571278,0.7160204163,0.720676094,42,42,41,41
GA,-4.4993528045,-4.5993396238,-4.693732395,-4.4890819592,1.7838325027,1.6838456834,1.5894529122,1.7941033479,1.7838325027,1.6838456834,1.5894529122,1.7941033479,102,96,91,103
GC,-5.0985664987,-5.0719658621,-5.1512586515,-5.0705515803,1.1846188085,1.2112194451,1.1319266557,1.2126337269,1.1846188085,1.2112194451,1.1319266557,1.2126337269,68,69,65,69
GG,-4.5287395528,-4.6026216165,-4.6713846571,-4.5470536131,1.7544457544,1.6805636907,1.6118006501,1.736131694,1.7544457544,1.6805636907,1.6118006501,1.736131694,101,96,92,99
GT,-5.211319772,-5.2721772709,-5.2645193084,-5.231244176,1.0718655351,1.0110080363,1.0186659988,1.0519411311,1.0718655351,1.0110080363,1.0186659988,1.0519411311,61,58,58,60
TA,-5.9012361125,-5.9970641348,-6.0864460105,-5.9418055411,0.3819491947,0.2861211724,0.1967392967,0.341379766,0.3819491947,0.2861211724,0.1967392967,0.341379766,22,16,11,20
TC,-5.4232350586,-5.5126111752,-5.5335855306,-5.4720672637,0.8599502486,0.770574132,0.7495997766,0.8111180435,0.8599502486,0.770574132,0.7495997766,0.8111180435,49,44,43,46
TG,-4.9269875129,-6.4200244193,-4.604674564,-5.2019498876,1.3561977943,-0.1368391122,1.6785107432,1.0812354196,1.3561977943,6.146346195,1.6785107432,1.0812354196,78,352,96,62
TT,-5.8175301779,-5.832964911,-5.9213454854,-5.7761446745,0.4656551293,0.4502203962,0.3618398218,0.5070406327,0.4656551293,0.4502203962,0.3618398218,0.5070406327,27,26,21,29
